{ 
 "Level" : [
{"position":{"x":0.0,"y":-2.384185791015625e-7,"z":-0.0000019073486328125},"rotation":{"x":0.0,"y":0.0,"z":4.872252232744623e-13,"w":1.0},"scale":{"x":1.0,"y":1.0,"z":1.0},"childCount":11,"objectName":"Empty","typeA":false}
,
{"position":{"x":0.7500401139259338,"y":1.75,"z":-1.0300064086914063},"rotation":{"x":-3.4450881817443824e-13,"y":-0.7070879936218262,"z":3.44531288264463e-13,"w":0.7071256637573242},"scale":{"x":1.0,"y":1.0,"z":1.0},"childCount":2,"objectName":"R_MuralLight","typeA":false}
,
{"position":{"x":-6.0,"y":1.75,"z":-0.2500019073486328},"rotation":{"x":1.3552527156068806e-18,"y":-1.0,"z":4.872252774845709e-13,"w":-1.4901161193847657e-8},"scale":{"x":1.0,"y":1.0,"z":1.0},"childCount":2,"objectName":"R_MuralLight","typeA":false}
,
{"position":{"x":0.6500066518783569,"y":1.75,"z":-6.600024223327637},"rotation":{"x":-3.445187928344251e-13,"y":-0.7071079015731812,"z":3.445216930752365e-13,"w":0.7071056962013245},"scale":{"x":1.0,"y":1.0,"z":1.0},"childCount":2,"objectName":"R_MuralLight","typeA":false}
,
{"position":{"x":0.5,"y":-2.3841809593250219e-7,"z":-3.500002145767212},"rotation":{"x":3.4451976861638034e-13,"y":-0.7071057558059692,"z":3.445207715033899e-13,"w":0.7071078419685364},"scale":{"x":1.0,"y":1.0,"z":1.0},"childCount":0,"objectName":"R_Dresser","typeA":false}
,
{"position":{"x":0.5068068504333496,"y":-2.3841808172164748e-7,"z":-7.000044345855713},"rotation":{"x":3.4451979572143465e-13,"y":-0.7071057558059692,"z":3.445207715033899e-13,"w":0.7071079015731812},"scale":{"x":1.0,"y":1.0,"z":1.0},"childCount":1,"objectName":"R_Couch","typeA":false}
,
{"position":{"x":1.0,"y":0.9999998807907105,"z":-4.500001430511475},"rotation":{"x":3.4451976861638034e-13,"y":-0.7071057558059692,"z":3.445207715033899e-13,"w":0.7071078419685364},"scale":{"x":1.0,"y":1.0,"z":1.0},"childCount":0,"objectName":"R_Painting","typeA":false}
,
{"position":{"x":-1.5,"y":-2.3842002860874347e-7,"z":-6.500002384185791},"rotation":{"x":-4.872254943250054e-13,"y":0.000010147689863515552,"z":6.2341624917916508e-18,"w":1.0},"scale":{"x":1.0,"y":1.0,"z":1.0},"childCount":1,"objectName":"R_SmallTable","typeA":false}
,
{"position":{"x":-4.5,"y":-2.384229560448148e-7,"z":-7.500002384185791},"rotation":{"x":0.0,"y":0.0,"z":4.872252232744623e-13,"w":1.0},"scale":{"x":1.0,"y":1.0,"z":1.0},"childCount":0,"objectName":"R_Carpet","typeA":false}
,
{"position":{"x":-1.5,"y":-2.3842002860874347e-7,"z":-4.500001430511475},"rotation":{"x":3.4452025650735796e-13,"y":-0.7071067690849304,"z":3.4452028361241227e-13,"w":0.7071068286895752},"scale":{"x":1.0,"y":1.0,"z":1.0},"childCount":0,"objectName":"R_Carpet","typeA":false}
,
{"position":{"x":-1.0000104904174805,"y":-2.3841954543968316e-7,"z":-8.50687313079834},"rotation":{"x":4.872251690643536e-13,"y":1.4901159417490817e-8,"z":1.3552527156068806e-18,"w":1.0},"scale":{"x":1.0,"y":1.0,"z":1.0},"childCount":1,"objectName":"R_Couch","typeA":false}
,
{"position":{"x":-9.25,"y":-2.3842758878345196e-7,"z":-3.5000016689300539},"rotation":{"x":0.0,"y":0.0,"z":4.872252232744623e-13,"w":1.0},"scale":{"x":1.0,"y":1.0,"z":1.0},"childCount":0,"objectName":"R_Carpet","typeA":false}
,
{"position":{"x":-3.5,"y":-2.3842198970669417e-7,"z":-3.500002145767212},"rotation":{"x":-4.872252232744623e-13,"y":1.0,"z":2.8314860241724115e-19,"w":5.811452297166397e-7},"scale":{"x":1.0,"y":1.0,"z":1.0},"childCount":3,"objectName":"R_Shelf","typeA":false}
,
{"position":{"x":-2.5,"y":-2.384210233685735e-7,"z":-3.500001907348633},"rotation":{"x":-3.4452028361241227e-13,"y":0.7071068286895752,"z":3.4452028361241227e-13,"w":0.7071068286895752},"scale":{"x":1.0,"y":1.0,"z":1.0},"childCount":2,"objectName":"R_ShowcaseCorner","typeA":false}
,
{"position":{"x":-9.0,"y":-2.384273614097765e-7,"z":-1.0000019073486329},"rotation":{"x":4.872252232744623e-13,"y":-1.0,"z":1.3867022258937233e-18,"w":0.000002846121560651227},"scale":{"x":1.0,"y":1.0,"z":1.0},"childCount":2,"objectName":"R_Hoven","typeA":false}
,
{"position":{"x":-7.5,"y":-2.384258834808861e-7,"z":-0.5000019073486328},"rotation":{"x":-4.872252232744623e-13,"y":1.0,"z":1.4375236857410984e-18,"w":0.000002950429461634485},"scale":{"x":1.0,"y":1.0,"z":1.0},"childCount":1,"objectName":"R_Cookstation","typeA":false}
,
{"position":{"x":-6.5,"y":-2.384249171427655e-7,"z":-0.5000019073486328},"rotation":{"x":-4.872252232744623e-13,"y":1.0,"z":7.115017303329596e-19,"w":0.0000014603137969970704},"scale":{"x":1.0,"y":1.0,"z":1.0},"childCount":1,"objectName":"R_Sink","typeA":false}
,
{"position":{"x":-7.5,"y":-2.384258834808861e-7,"z":-5.500001430511475},"rotation":{"x":0.0,"y":1.0,"z":4.872252232744623e-13,"w":0.000002950429461634485},"scale":{"x":1.0,"y":1.0,"z":1.0},"childCount":5,"objectName":"R_Table","typeA":false}
,
{"position":{"x":-7.5,"y":-2.384258834808861e-7,"z":-3.500001907348633},"rotation":{"x":2.710505431213761e-19,"y":1.0,"z":4.872252774845709e-13,"w":0.000002413987886029645},"scale":{"x":1.0,"y":1.0,"z":1.0},"childCount":2,"objectName":"R_ShowcaseCorner","typeA":false}
,
{"position":{"x":-7.5,"y":-2.384258834808861e-7,"z":-7.500001907348633},"rotation":{"x":0.0,"y":1.0,"z":4.872252232744623e-13,"w":0.000002950429461634485},"scale":{"x":1.0,"y":1.0,"z":1.0},"childCount":5,"objectName":"R_Table","typeA":false}
,
{"position":{"x":0.5,"y":-2.3841809593250219e-7,"z":-8.5},"rotation":{"x":0.0,"y":0.0,"z":0.0,"w":1.0},"scale":{"x":1.0,"y":1.0,"z":1.0},"childCount":2,"objectName":"R_FloorLamp","typeA":false}
,
{"position":{"x":-6.5,"y":-2.384249171427655e-7,"z":-3.500002145767212},"rotation":{"x":-4.872252232744623e-13,"y":1.0,"z":2.8314860241724115e-19,"w":5.811452297166397e-7},"scale":{"x":1.0,"y":1.0,"z":1.0},"childCount":3,"objectName":"R_Shelf","typeA":false}
,
{"position":{"x":-5.0,"y":-2.384234392138751e-7,"z":-3.500001907348633},"rotation":{"x":0.0,"y":1.0,"z":0.0,"w":5.811452297166397e-7},"scale":{"x":1.0,"y":1.0,"z":1.0},"childCount":8,"objectName":"R_MainShelf","typeA":false}
] 
 }
